audio,score,midi,match
vienna/audio/Chopin_op10_no3_p01.mp3,vienna/score/Chopin_op10_no3.musicxml,vienna/midi/Chopin_op10_no3_p01.mid,vienna/match/Chopin_op10_no3_p01.match
vienna/audio/Chopin_op10_no3_p02.mp3,vienna/score/Chopin_op10_no3.musicxml,vienna/midi/Chopin_op10_no3_p02.mid,vienna/match/Chopin_op10_no3_p02.match
vienna/audio/Chopin_op10_no3_p03.mp3,vienna/score/Chopin_op10_no3.musicxml,vienna/midi/Chopin_op10_no3_p03.mid,vienna/match/Chopin_op10_no3_p03.match
vienna/audio/Chopin_op10_no3_p04.mp3,vienna/score/Chopin_op10_no3.musicxml,vienna/midi/Chopin_op10_no3_p04.mid,vienna/match/Chopin_op10_no3_p04.match
vienna/audio/Chopin_op10_no3_p05.mp3,vienna/score/Chopin_op10_no3.musicxml,vienna/midi/Chopin_op10_no3_p05.mid,vienna/match/Chopin_op10_no3_p05.match
vienna/audio/Chopin_op10_no3_p06.mp3,vienna/score/Chopin_op10_no3.musicxml,vienna/midi/Chopin_op10_no3_p06.mid,vienna/match/Chopin_op10_no3_p06.match
vienna/audio/Chopin_op10_no3_p08.mp3,vienna/score/Chopin_op10_no3.musicxml,vienna/midi/Chopin_op10_no3_p08.mid,vienna/match/Chopin_op10_no3_p08.match
vienna/audio/Chopin_op10_no3_p09.mp3,vienna/score/Chopin_op10_no3.musicxml,vienna/midi/Chopin_op10_no3_p09.mid,vienna/match/Chopin_op10_no3_p09.match
vienna/audio/Chopin_op10_no3_p10.mp3,vienna/score/Chopin_op10_no3.musicxml,vienna/midi/Chopin_op10_no3_p10.mid,vienna/match/Chopin_op10_no3_p10.match
vienna/audio/Chopin_op10_no3_p11.mp3,vienna/score/Chopin_op10_no3.musicxml,vienna/midi/Chopin_op10_no3_p11.mid,vienna/match/Chopin_op10_no3_p11.match
vienna/audio/Chopin_op10_no3_p12.mp3,vienna/score/Chopin_op10_no3.musicxml,vienna/midi/Chopin_op10_no3_p12.mid,vienna/match/Chopin_op10_no3_p12.match
vienna/audio/Chopin_op10_no3_p13.mp3,vienna/score/Chopin_op10_no3.musicxml,vienna/midi/Chopin_op10_no3_p13.mid,vienna/match/Chopin_op10_no3_p13.match
vienna/audio/Chopin_op10_no3_p14.mp3,vienna/score/Chopin_op10_no3.musicxml,vienna/midi/Chopin_op10_no3_p14.mid,vienna/match/Chopin_op10_no3_p14.match
vienna/audio/Chopin_op10_no3_p15.mp3,vienna/score/Chopin_op10_no3.musicxml,vienna/midi/Chopin_op10_no3_p15.mid,vienna/match/Chopin_op10_no3_p15.match
vienna/audio/Chopin_op10_no3_p16.mp3,vienna/score/Chopin_op10_no3.musicxml,vienna/midi/Chopin_op10_no3_p16.mid,vienna/match/Chopin_op10_no3_p16.match
vienna/audio/Chopin_op10_no3_p17.mp3,vienna/score/Chopin_op10_no3.musicxml,vienna/midi/Chopin_op10_no3_p17.mid,vienna/match/Chopin_op10_no3_p17.match
vienna/audio/Chopin_op10_no3_p18.mp3,vienna/score/Chopin_op10_no3.musicxml,vienna/midi/Chopin_op10_no3_p18.mid,vienna/match/Chopin_op10_no3_p18.match
vienna/audio/Chopin_op10_no3_p19.mp3,vienna/score/Chopin_op10_no3.musicxml,vienna/midi/Chopin_op10_no3_p19.mid,vienna/match/Chopin_op10_no3_p19.match
vienna/audio/Chopin_op10_no3_p20.mp3,vienna/score/Chopin_op10_no3.musicxml,vienna/midi/Chopin_op10_no3_p20.mid,vienna/match/Chopin_op10_no3_p20.match
vienna/audio/Chopin_op10_no3_p21.mp3,vienna/score/Chopin_op10_no3.musicxml,vienna/midi/Chopin_op10_no3_p21.mid,vienna/match/Chopin_op10_no3_p21.match
vienna/audio/Chopin_op10_no3_p22.mp3,vienna/score/Chopin_op10_no3.musicxml,vienna/midi/Chopin_op10_no3_p22.mid,vienna/match/Chopin_op10_no3_p22.match
vienna/audio/Chopin_op38_p01.mp3,vienna/score/Chopin_op38.musicxml,vienna/midi/Chopin_op38_p01.mid,vienna/match/Chopin_op38_p01.match
vienna/audio/Chopin_op38_p02.mp3,vienna/score/Chopin_op38.musicxml,vienna/midi/Chopin_op38_p02.mid,vienna/match/Chopin_op38_p02.match
vienna/audio/Chopin_op38_p03.mp3,vienna/score/Chopin_op38.musicxml,vienna/midi/Chopin_op38_p03.mid,vienna/match/Chopin_op38_p03.match
vienna/audio/Chopin_op38_p04.mp3,vienna/score/Chopin_op38.musicxml,vienna/midi/Chopin_op38_p04.mid,vienna/match/Chopin_op38_p04.match
vienna/audio/Chopin_op38_p05.mp3,vienna/score/Chopin_op38.musicxml,vienna/midi/Chopin_op38_p05.mid,vienna/match/Chopin_op38_p05.match
vienna/audio/Chopin_op38_p06.mp3,vienna/score/Chopin_op38.musicxml,vienna/midi/Chopin_op38_p06.mid,vienna/match/Chopin_op38_p06.match
vienna/audio/Chopin_op38_p07.mp3,vienna/score/Chopin_op38.musicxml,vienna/midi/Chopin_op38_p07.mid,vienna/match/Chopin_op38_p07.match
vienna/audio/Chopin_op38_p08.mp3,vienna/score/Chopin_op38.musicxml,vienna/midi/Chopin_op38_p08.mid,vienna/match/Chopin_op38_p08.match
vienna/audio/Chopin_op38_p09.mp3,vienna/score/Chopin_op38.musicxml,vienna/midi/Chopin_op38_p09.mid,vienna/match/Chopin_op38_p09.match
vienna/audio/Chopin_op38_p10.mp3,vienna/score/Chopin_op38.musicxml,vienna/midi/Chopin_op38_p10.mid,vienna/match/Chopin_op38_p10.match
vienna/audio/Chopin_op38_p11.mp3,vienna/score/Chopin_op38.musicxml,vienna/midi/Chopin_op38_p11.mid,vienna/match/Chopin_op38_p11.match
vienna/audio/Chopin_op38_p12.mp3,vienna/score/Chopin_op38.musicxml,vienna/midi/Chopin_op38_p12.mid,vienna/match/Chopin_op38_p12.match
vienna/audio/Chopin_op38_p13.mp3,vienna/score/Chopin_op38.musicxml,vienna/midi/Chopin_op38_p13.mid,vienna/match/Chopin_op38_p13.match
vienna/audio/Chopin_op38_p14.mp3,vienna/score/Chopin_op38.musicxml,vienna/midi/Chopin_op38_p14.mid,vienna/match/Chopin_op38_p14.match
vienna/audio/Chopin_op38_p15.mp3,vienna/score/Chopin_op38.musicxml,vienna/midi/Chopin_op38_p15.mid,vienna/match/Chopin_op38_p15.match
vienna/audio/Chopin_op38_p16.mp3,vienna/score/Chopin_op38.musicxml,vienna/midi/Chopin_op38_p16.mid,vienna/match/Chopin_op38_p16.match
vienna/audio/Chopin_op38_p17.mp3,vienna/score/Chopin_op38.musicxml,vienna/midi/Chopin_op38_p17.mid,vienna/match/Chopin_op38_p17.match
vienna/audio/Chopin_op38_p18.mp3,vienna/score/Chopin_op38.musicxml,vienna/midi/Chopin_op38_p18.mid,vienna/match/Chopin_op38_p18.match
vienna/audio/Chopin_op38_p19.mp3,vienna/score/Chopin_op38.musicxml,vienna/midi/Chopin_op38_p19.mid,vienna/match/Chopin_op38_p19.match
vienna/audio/Chopin_op38_p21.mp3,vienna/score/Chopin_op38.musicxml,vienna/midi/Chopin_op38_p21.mid,vienna/match/Chopin_op38_p21.match
vienna/audio/Chopin_op38_p22.mp3,vienna/score/Chopin_op38.musicxml,vienna/midi/Chopin_op38_p22.mid,vienna/match/Chopin_op38_p22.match
vienna/audio/Mozart_K331_1st-mov_p01.mp3,vienna/score/Mozart_K331_1st-mov.musicxml,vienna/midi/Mozart_K331_1st-mov_p01.mid,vienna/match/Mozart_K331_1st-mov_p01.match
vienna/audio/Mozart_K331_1st-mov_p02.mp3,vienna/score/Mozart_K331_1st-mov.musicxml,vienna/midi/Mozart_K331_1st-mov_p02.mid,vienna/match/Mozart_K331_1st-mov_p02.match
vienna/audio/Mozart_K331_1st-mov_p03.mp3,vienna/score/Mozart_K331_1st-mov.musicxml,vienna/midi/Mozart_K331_1st-mov_p03.mid,vienna/match/Mozart_K331_1st-mov_p03.match
vienna/audio/Mozart_K331_1st-mov_p04.mp3,vienna/score/Mozart_K331_1st-mov.musicxml,vienna/midi/Mozart_K331_1st-mov_p04.mid,vienna/match/Mozart_K331_1st-mov_p04.match
vienna/audio/Mozart_K331_1st-mov_p05.mp3,vienna/score/Mozart_K331_1st-mov.musicxml,vienna/midi/Mozart_K331_1st-mov_p05.mid,vienna/match/Mozart_K331_1st-mov_p05.match
vienna/audio/Mozart_K331_1st-mov_p06.mp3,vienna/score/Mozart_K331_1st-mov.musicxml,vienna/midi/Mozart_K331_1st-mov_p06.mid,vienna/match/Mozart_K331_1st-mov_p06.match
vienna/audio/Mozart_K331_1st-mov_p07.mp3,vienna/score/Mozart_K331_1st-mov.musicxml,vienna/midi/Mozart_K331_1st-mov_p07.mid,vienna/match/Mozart_K331_1st-mov_p07.match
vienna/audio/Mozart_K331_1st-mov_p08.mp3,vienna/score/Mozart_K331_1st-mov.musicxml,vienna/midi/Mozart_K331_1st-mov_p08.mid,vienna/match/Mozart_K331_1st-mov_p08.match
vienna/audio/Mozart_K331_1st-mov_p09.mp3,vienna/score/Mozart_K331_1st-mov.musicxml,vienna/midi/Mozart_K331_1st-mov_p09.mid,vienna/match/Mozart_K331_1st-mov_p09.match
vienna/audio/Mozart_K331_1st-mov_p10.mp3,vienna/score/Mozart_K331_1st-mov.musicxml,vienna/midi/Mozart_K331_1st-mov_p10.mid,vienna/match/Mozart_K331_1st-mov_p10.match
vienna/audio/Mozart_K331_1st-mov_p11.mp3,vienna/score/Mozart_K331_1st-mov.musicxml,vienna/midi/Mozart_K331_1st-mov_p11.mid,vienna/match/Mozart_K331_1st-mov_p11.match
vienna/audio/Mozart_K331_1st-mov_p12.mp3,vienna/score/Mozart_K331_1st-mov.musicxml,vienna/midi/Mozart_K331_1st-mov_p12.mid,vienna/match/Mozart_K331_1st-mov_p12.match
vienna/audio/Mozart_K331_1st-mov_p14.mp3,vienna/score/Mozart_K331_1st-mov.musicxml,vienna/midi/Mozart_K331_1st-mov_p14.mid,vienna/match/Mozart_K331_1st-mov_p14.match
vienna/audio/Mozart_K331_1st-mov_p15.mp3,vienna/score/Mozart_K331_1st-mov.musicxml,vienna/midi/Mozart_K331_1st-mov_p15.mid,vienna/match/Mozart_K331_1st-mov_p15.match
vienna/audio/Mozart_K331_1st-mov_p16.mp3,vienna/score/Mozart_K331_1st-mov.musicxml,vienna/midi/Mozart_K331_1st-mov_p16.mid,vienna/match/Mozart_K331_1st-mov_p16.match
vienna/audio/Mozart_K331_1st-mov_p17.mp3,vienna/score/Mozart_K331_1st-mov.musicxml,vienna/midi/Mozart_K331_1st-mov_p17.mid,vienna/match/Mozart_K331_1st-mov_p17.match
vienna/audio/Mozart_K331_1st-mov_p18.mp3,vienna/score/Mozart_K331_1st-mov.musicxml,vienna/midi/Mozart_K331_1st-mov_p18.mid,vienna/match/Mozart_K331_1st-mov_p18.match
vienna/audio/Mozart_K331_1st-mov_p19.mp3,vienna/score/Mozart_K331_1st-mov.musicxml,vienna/midi/Mozart_K331_1st-mov_p19.mid,vienna/match/Mozart_K331_1st-mov_p19.match
vienna/audio/Mozart_K331_1st-mov_p20.mp3,vienna/score/Mozart_K331_1st-mov.musicxml,vienna/midi/Mozart_K331_1st-mov_p20.mid,vienna/match/Mozart_K331_1st-mov_p20.match
vienna/audio/Mozart_K331_1st-mov_p21.mp3,vienna/score/Mozart_K331_1st-mov.musicxml,vienna/midi/Mozart_K331_1st-mov_p21.mid,vienna/match/Mozart_K331_1st-mov_p21.match
vienna/audio/Mozart_K331_1st-mov_p22.mp3,vienna/score/Mozart_K331_1st-mov.musicxml,vienna/midi/Mozart_K331_1st-mov_p22.mid,vienna/match/Mozart_K331_1st-mov_p22.match
vienna/audio/Schubert_D783_no15_p01.mp3,vienna/score/Schubert_D783_no15.musicxml,vienna/midi/Schubert_D783_no15_p01.mid,vienna/match/Schubert_D783_no15_p01.match
vienna/audio/Schubert_D783_no15_p02.mp3,vienna/score/Schubert_D783_no15.musicxml,vienna/midi/Schubert_D783_no15_p02.mid,vienna/match/Schubert_D783_no15_p02.match
vienna/audio/Schubert_D783_no15_p03.mp3,vienna/score/Schubert_D783_no15.musicxml,vienna/midi/Schubert_D783_no15_p03.mid,vienna/match/Schubert_D783_no15_p03.match
vienna/audio/Schubert_D783_no15_p04.mp3,vienna/score/Schubert_D783_no15.musicxml,vienna/midi/Schubert_D783_no15_p04.mid,vienna/match/Schubert_D783_no15_p04.match
vienna/audio/Schubert_D783_no15_p05.mp3,vienna/score/Schubert_D783_no15.musicxml,vienna/midi/Schubert_D783_no15_p05.mid,vienna/match/Schubert_D783_no15_p05.match
vienna/audio/Schubert_D783_no15_p06.mp3,vienna/score/Schubert_D783_no15.musicxml,vienna/midi/Schubert_D783_no15_p06.mid,vienna/match/Schubert_D783_no15_p06.match
vienna/audio/Schubert_D783_no15_p07.mp3,vienna/score/Schubert_D783_no15.musicxml,vienna/midi/Schubert_D783_no15_p07.mid,vienna/match/Schubert_D783_no15_p07.match
vienna/audio/Schubert_D783_no15_p08.mp3,vienna/score/Schubert_D783_no15.musicxml,vienna/midi/Schubert_D783_no15_p08.mid,vienna/match/Schubert_D783_no15_p08.match
vienna/audio/Schubert_D783_no15_p09.mp3,vienna/score/Schubert_D783_no15.musicxml,vienna/midi/Schubert_D783_no15_p09.mid,vienna/match/Schubert_D783_no15_p09.match
vienna/audio/Schubert_D783_no15_p10.mp3,vienna/score/Schubert_D783_no15.musicxml,vienna/midi/Schubert_D783_no15_p10.mid,vienna/match/Schubert_D783_no15_p10.match
vienna/audio/Schubert_D783_no15_p11.mp3,vienna/score/Schubert_D783_no15.musicxml,vienna/midi/Schubert_D783_no15_p11.mid,vienna/match/Schubert_D783_no15_p11.match
vienna/audio/Schubert_D783_no15_p13.mp3,vienna/score/Schubert_D783_no15.musicxml,vienna/midi/Schubert_D783_no15_p13.mid,vienna/match/Schubert_D783_no15_p13.match
vienna/audio/Schubert_D783_no15_p14.mp3,vienna/score/Schubert_D783_no15.musicxml,vienna/midi/Schubert_D783_no15_p14.mid,vienna/match/Schubert_D783_no15_p14.match
vienna/audio/Schubert_D783_no15_p15.mp3,vienna/score/Schubert_D783_no15.musicxml,vienna/midi/Schubert_D783_no15_p15.mid,vienna/match/Schubert_D783_no15_p15.match
vienna/audio/Schubert_D783_no15_p16.mp3,vienna/score/Schubert_D783_no15.musicxml,vienna/midi/Schubert_D783_no15_p16.mid,vienna/match/Schubert_D783_no15_p16.match
vienna/audio/Schubert_D783_no15_p17.mp3,vienna/score/Schubert_D783_no15.musicxml,vienna/midi/Schubert_D783_no15_p17.mid,vienna/match/Schubert_D783_no15_p17.match
vienna/audio/Schubert_D783_no15_p18.mp3,vienna/score/Schubert_D783_no15.musicxml,vienna/midi/Schubert_D783_no15_p18.mid,vienna/match/Schubert_D783_no15_p18.match
vienna/audio/Schubert_D783_no15_p19.mp3,vienna/score/Schubert_D783_no15.musicxml,vienna/midi/Schubert_D783_no15_p19.mid,vienna/match/Schubert_D783_no15_p19.match
vienna/audio/Schubert_D783_no15_p20.mp3,vienna/score/Schubert_D783_no15.musicxml,vienna/midi/Schubert_D783_no15_p20.mid,vienna/match/Schubert_D783_no15_p20.match
vienna/audio/Schubert_D783_no15_p21.mp3,vienna/score/Schubert_D783_no15.musicxml,vienna/midi/Schubert_D783_no15_p21.mid,vienna/match/Schubert_D783_no15_p21.match
vienna/audio/Schubert_D783_no15_p22.mp3,vienna/score/Schubert_D783_no15.musicxml,vienna/midi/Schubert_D783_no15_p22.mid,vienna/match/Schubert_D783_no15_p22.match
