perf_sec	score_beat
1.420800	-1.000000
1.794800	-0.250000
2.177083	0.000000
2.360417	0.250000
2.546875	0.500000
2.712500	0.750000
2.917708	1.000000
3.053125	1.250000
3.219792	1.500000
3.391667	1.750000
3.545292	2.000000
3.709375	2.250000
3.894258	2.500000
4.056250	2.750000
4.255200	3.000000
4.387500	3.250000
4.573438	3.500000
4.730729	3.750000
4.927100	4.000000
5.046875	4.250000
5.229167	4.500000
5.387500	4.750000
5.557292	5.000000
5.718750	5.250000
5.902608	5.500000
6.071875	5.750000
6.236467	6.000000
6.389583	6.250000
6.569283	6.500000
6.764583	6.750000
6.901042	7.000000
7.058333	7.250000
7.231275	7.500000
7.420833	7.750000
7.614583	8.000000
7.818750	8.250000
7.989583	8.500000
8.165642	8.750000
8.334875	9.000000
8.495833	9.250000
8.697904	9.500000
8.851042	9.750000
9.044267	10.000000
9.208333	10.250000
9.393750	10.500000
9.559892	10.750000
9.758333	11.000000
9.917708	11.250000
10.094808	11.500000
10.282813	11.750000
10.488542	12.000000
10.676042	12.250000
10.832292	12.500000
11.002083	12.750000
11.216642	13.000000
11.420833	13.250000
11.605208	13.500000
11.776042	13.750000
11.938542	14.000000
12.118750	14.250000
12.295833	14.500000
12.453125	14.750000
12.633858	15.000000
13.179667	15.750000
13.393750	16.000000
13.566667	16.250000
13.748958	16.500000
13.882292	16.750000
14.075000	17.000000
14.242708	17.250000
14.396875	17.500000
14.601021	17.750000
14.747408	18.000000
14.896875	18.250000
15.071875	18.500000
15.226042	18.750000
15.400017	19.000000
15.571875	19.250000
15.751042	19.500000
15.880221	19.750000
16.085417	20.000000
16.246875	20.250000
16.417708	20.500000
16.560417	20.750000
16.754167	21.000000
16.903125	21.250000
17.067708	21.500000
17.232279	21.750000
17.459358	22.000000
17.591667	22.250000
17.758333	22.500000
17.908333	22.750000
18.028646	23.000000
18.220833	23.250000
18.389583	23.500000
18.503654	23.750000
18.738542	24.000000
18.912500	24.250000
19.071875	24.500000
19.221875	24.750000
19.422917	25.000000
19.575000	25.250000
19.656200	25.333334
19.733333	25.500000
19.871900	25.666666
19.893750	25.750000
20.082292	26.000000
20.221875	26.250000
20.400000	26.500000
20.557292	26.750000
20.760417	27.000000
20.877083	27.250000
20.959400	27.333334
21.026042	27.500000
21.187500	27.666666
21.210417	27.750000
21.421354	28.000000
21.571875	28.250000
21.754142	28.500000
21.893750	28.750000
22.063033	29.000000
22.227083	29.250000
22.393750	29.500000
22.562500	29.750000
22.742708	30.000000
22.896875	30.250000
23.038558	30.500000
23.242708	30.750000
23.391158	31.000000
23.573958	31.250000
23.721896	31.500000
23.929167	31.750000
24.104167	32.000000
24.253125	32.250000
24.437500	32.500000
24.603125	32.750000
24.818729	33.000000
24.912500	33.250000
25.068750	33.500000
25.223958	33.750000
25.409375	34.000000
25.566667	34.250000
25.718750	34.500000
25.877083	34.750000
26.046875	35.000000
26.198958	35.250000
26.388542	35.500000
26.541667	35.750000
26.784392	36.000000
26.954167	36.250000
27.102083	36.500000
27.231250	36.750000
27.437521	37.000000
27.615600	37.250000
27.775000	37.500000
27.935400	37.750000
28.136467	38.000000
28.296875	38.250000
28.457292	38.500000
28.622917	38.750000
28.791142	39.000000
28.959400	39.250000
29.119800	39.500000
29.279200	39.750000
29.499492	40.000000
29.680208	40.250000
29.835417	40.500000
29.977083	40.750000
30.153150	41.000000
30.335400	41.250000
30.495800	41.500000
30.655200	41.750000
30.829675	42.000000
30.996875	42.250000
31.170833	42.500000
31.317708	42.750000
31.498438	43.000000
31.647900	43.250000
31.801000	43.500000
32.000000	43.750000
32.211475	44.000000
32.388542	44.250000
32.587500	44.500000
32.706250	44.750000
32.882292	45.000000
33.043750	45.250000
33.196875	45.500000
33.345833	45.750000
33.527083	46.000000
33.681250	46.250000
33.835417	46.500000
34.018750	46.750000
34.180183	47.000000
34.373954	47.250000
34.551575	47.500000
34.714588	47.750000
34.881267	48.000000
35.051042	48.250000
35.216667	48.500000
35.370833	48.750000
35.547917	49.000000
35.696875	49.250000
35.855208	49.500000
36.007292	49.750000
36.351042	50.250000
36.679167	50.750000
36.905208	51.000000
37.091667	51.250000
37.542196	51.500000
37.633854	51.750000
38.111500	52.000000
38.318750	52.250000
38.517708	52.500000
38.666667	52.750000
38.832292	53.000000
39.012500	53.250000
39.192188	53.500000
39.335417	53.750000
39.504167	54.000000
39.687500	54.250000
39.844800	54.500000
40.014583	54.750000
40.179167	55.000000
40.322917	55.250000
40.506792	55.500000
40.652083	55.750000
40.843750	56.000000
40.989583	56.250000
41.146875	56.500000
41.310417	56.750000
41.489583	57.000000
41.657292	57.250000
41.842704	57.500000
42.000000	57.750000
42.167708	58.000000
42.343750	58.250000
42.505192	58.500000
42.693750	58.750000
42.841667	59.000000
43.021875	59.250000
43.176558	59.500000
43.350000	59.750000
43.552083	60.000000
43.714583	60.250000
43.893750	60.500000
44.033308	60.750000
44.206267	61.000000
44.397917	61.250000
44.545858	61.500000
44.730208	61.750000
44.896338	62.000000
45.043750	62.250000
45.210417	62.500000
45.424483	62.750000
45.607292	63.000000
45.763542	63.250000
45.970817	63.500000
46.156771	63.750000
46.389583	64.000000
46.581250	64.250000
46.751042	64.500000
46.892708	64.750000
47.082304	65.000000
47.271875	65.250000
47.439583	65.500000
47.580208	65.750000
47.762500	66.000000
47.922917	66.250000
48.112500	66.500000
48.271875	66.750000
48.481787	67.000000
48.670833	67.250000
48.867708	67.500000
49.064058	67.750000
49.305208	68.000000
49.470833	68.250000
49.639583	68.500000
49.789583	68.750000
49.971875	69.000000
50.114583	69.250000
50.297917	69.500000
50.477604	69.750000
50.651575	70.000000
50.775000	70.250000
50.963542	70.500000
51.103125	70.750000
51.298421	71.000000
51.445833	71.250000
51.618750	71.500000
51.821362	71.750000
51.983300	72.000000
52.148958	72.250000
52.318750	72.500000
52.488542	72.750000
52.673958	73.000000
52.834375	73.250000
52.992708	73.500000
53.141150	73.750000
53.318771	74.000000
53.504167	74.250000
53.667708	74.500000
53.814583	74.750000
53.999983	75.000000
54.188542	75.250000
54.364583	75.500000
54.510396	75.750000
54.689583	76.000000
54.851042	76.250000
54.995833	76.500000
55.171875	76.750000
55.364583	77.000000
55.514583	77.250000
55.615600	77.333336
55.673958	77.500000
55.839600	77.666664
55.855208	77.750000
56.038542	78.000000
56.191667	78.250000
56.350000	78.500000
56.545833	78.750000
56.721875	79.000000
56.885417	79.250000
56.991700	79.333336
57.059375	79.500000
57.215600	79.666664
57.233333	79.750000
57.422917	80.000000
57.583333	80.250000
57.751575	80.500000
57.930208	80.750000
58.119292	81.000000
58.268750	81.250000
58.431250	81.500000
58.608333	81.750000
58.770833	82.000000
58.923958	82.250000
59.096875	82.500000
59.276042	82.750000
59.400517	83.000000
59.623958	83.250000
59.802087	83.500000
59.980208	83.750000
60.184896	84.000000
60.346875	84.250000
60.521875	84.500000
60.667708	84.750000
60.913554	85.000000
62.341667	87.250000
62.550000	87.500000
62.720833	87.750000
